motion,code,bits
전원 켜기,0xB2BFD0,24
전원 켜기,0x35AB6B24,49
전원 끄기,0xB27BE0,24
전원 끄기,0x978B578E,49
28도,0xB2BF80,24
28도,0x33BEFEA4,49
27도,0xB2BF90,24
27도,0xADFDDA88,49
26도,0xB2BFD0,24
26도,0x35AB6B24,49
25도,0xB2BFC0,24
25도,0x44565408,49
24도,0xB2BF40,24
24도,0x8FA1F902,49
23도,0xB2BF50,24
23도,0x77397C1E,49
제습,0xB21F54,24
제습,0xB10650CC,49
난방,0xB2BF5C,24
난방,0x9F9006BE,49
송풍,0xB2BFE4,24
송풍,0x450559E8,49
자동,0xB21F58,24
자동,0x71E092C,49
냉방,0xB2BFC0,24
냉방,0x44565408,49
